Date_id,Date_day
1,2012-12-10
2,2012-12-11
3,2012-12-12
4,2012-12-13
5,2012-12-14
6,2012-12-17
7,2012-12-18
8,2012-12-19
9,2012-12-20
10,2012-12-21
11,2012-12-24
12,2012-12-26
13,2012-12-27
14,2012-12-28
15,2012-12-31
16,2013-01-02
17,2013-01-03
18,2013-01-04
19,2013-01-07
20,2013-01-08
21,2013-01-09
22,2013-01-10
23,2013-01-11
24,2013-01-14
25,2013-01-15
26,2013-01-16
27,2013-01-17
28,2013-01-18
29,2013-01-22
30,2013-01-23
31,2013-01-24
32,2013-01-25
33,2013-01-28
34,2013-01-29
35,2013-01-30
36,2013-01-31
37,2013-02-01
38,2013-02-04
39,2013-02-05
40,2013-02-06
41,2013-02-07
42,2013-02-08
43,2013-02-11
44,2013-02-12
45,2013-02-13
46,2013-02-14
47,2013-02-15
48,2013-02-19
49,2013-02-20
50,2013-02-21
51,2013-02-22
52,2013-02-25
53,2013-02-26
54,2013-02-27
55,2013-02-28
56,2013-03-01
57,2013-03-04
58,2013-03-05
59,2013-03-06
60,2013-03-07
61,2013-03-08
62,2013-03-11
63,2013-03-12
64,2013-03-13
65,2013-03-14
66,2013-03-15
67,2013-03-18
68,2013-03-19
69,2013-03-20
70,2013-03-21
71,2013-03-22
72,2013-03-25
73,2013-03-26
74,2013-03-27
75,2013-03-28
76,2013-04-01
77,2013-04-02
78,2013-04-03
79,2013-04-04
80,2013-04-05
81,2013-04-08
82,2013-04-09
83,2013-04-10
84,2013-04-11
85,2013-04-12
86,2013-04-15
87,2013-04-16
88,2013-04-17
89,2013-04-18
90,2013-04-19
91,2013-04-22
92,2013-04-23
93,2013-04-24
94,2013-04-25
95,2013-04-26
96,2013-04-29
97,2013-04-30
98,2013-05-01
99,2013-05-02
100,2013-05-03
101,2013-05-06
102,2013-05-07
103,2013-05-08
104,2013-05-09
105,2013-05-10
106,2013-05-13
107,2013-05-14
108,2013-05-15
109,2013-05-16
110,2013-05-17
111,2013-05-20
112,2013-05-21
113,2013-05-22
114,2013-05-23
115,2013-05-24
116,2013-05-28
117,2013-05-29
118,2013-05-30
119,2013-05-31
120,2013-06-03
121,2013-06-04
122,2013-06-05
123,2013-06-06
124,2013-06-07
125,2013-06-10
126,2013-06-11
127,2013-06-12
128,2013-06-13
129,2013-06-14
130,2013-06-17
131,2013-06-18
132,2013-06-19
133,2013-06-20
134,2013-06-21
135,2013-06-24
136,2013-06-25
137,2013-06-26
138,2013-06-27
139,2013-06-28
140,2013-07-01
141,2013-07-02
142,2013-07-03
143,2013-07-05
144,2013-07-08
145,2013-07-09
146,2013-07-10
147,2013-07-11
148,2013-07-12
149,2013-07-15
150,2013-07-16
151,2013-07-17
152,2013-07-18
153,2013-07-19
154,2013-07-22
155,2013-07-23
156,2013-07-24
157,2013-07-25
158,2013-07-26
159,2013-07-29
160,2013-07-30
161,2013-07-31
162,2013-08-01
163,2013-08-02
164,2013-08-05
165,2013-08-06
166,2013-08-07
167,2013-08-08
168,2013-08-09
169,2013-08-12
170,2013-08-13
171,2013-08-14
172,2013-08-15
173,2013-08-16
174,2013-08-19
175,2013-08-20
176,2013-08-21
177,2013-08-22
178,2013-08-23
179,2013-08-26
180,2013-08-27
181,2013-08-28
182,2013-08-29
183,2013-08-30
184,2013-09-03
185,2013-09-04
186,2013-09-05
187,2013-09-06
188,2013-09-09
189,2013-09-10
190,2013-09-11
191,2013-09-12
192,2013-09-13
193,2013-09-16
194,2013-09-17
195,2013-09-18
196,2013-09-19
197,2013-09-20
198,2013-09-23
199,2013-09-24
200,2013-09-25
201,2013-09-26
202,2013-09-27
203,2013-09-30
204,2013-10-01
205,2013-10-02
206,2013-10-03
207,2013-10-04
208,2013-10-07
209,2013-10-08
210,2013-10-09
211,2013-10-10
212,2013-10-11
213,2013-10-14
214,2013-10-15
215,2013-10-16
216,2013-10-17
217,2013-10-18
218,2013-10-21
219,2013-10-22
220,2013-10-23
221,2013-10-24
222,2013-10-25
223,2013-10-28
224,2013-10-29
225,2013-10-30
226,2013-10-31
227,2013-11-01
228,2013-11-04
229,2013-11-05
230,2013-11-06
231,2013-11-07
232,2013-11-08
233,2013-11-11
234,2013-11-12
235,2013-11-13
236,2013-11-14
237,2013-11-15
238,2013-11-18
239,2013-11-19
240,2013-11-20
241,2013-11-21
242,2013-11-22
243,2013-11-25
244,2013-11-26
245,2013-11-27
246,2013-11-29
247,2013-12-02
248,2013-12-03
249,2013-12-04
250,2013-12-05
251,2013-12-06
252,2013-12-09
253,2013-12-10
254,2013-12-11
255,2013-12-12
256,2013-12-13
257,2013-12-16
258,2013-12-17
259,2013-12-18
260,2013-12-19
261,2013-12-20
262,2013-12-23
263,2013-12-24
264,2013-12-26
265,2013-12-27
266,2013-12-30
267,2013-12-31
268,2014-01-02
269,2014-01-03
270,2014-01-06
271,2014-01-07
272,2014-01-08
273,2014-01-09
274,2014-01-10
275,2014-01-13
276,2014-01-14
277,2014-01-15
278,2014-01-16
279,2014-01-17
280,2014-01-21
281,2014-01-22
282,2014-01-23
283,2014-01-24
284,2014-01-27
285,2014-01-28
286,2014-01-29
287,2014-01-30
288,2014-01-31
289,2014-02-03
290,2014-02-04
291,2014-02-05
292,2014-02-06
293,2014-02-07
294,2014-02-10
295,2014-02-11
296,2014-02-12
297,2014-02-13
298,2014-02-14
299,2014-02-18
300,2014-02-19
301,2014-02-20
302,2014-02-21
303,2014-02-24
304,2014-02-25
305,2014-02-26
306,2014-02-27
307,2014-02-28
308,2014-03-03
309,2014-03-04
310,2014-03-05
311,2014-03-06
312,2014-03-07
313,2014-03-10
314,2014-03-11
315,2014-03-12
316,2014-03-13
317,2014-03-14
318,2014-03-17
319,2014-03-18
320,2014-03-19
321,2014-03-20
322,2014-03-21
323,2014-03-24
324,2014-03-25
325,2014-03-26
326,2014-03-27
327,2014-03-28
328,2014-03-31
329,2014-04-01
330,2014-04-02
331,2014-04-03
332,2014-04-04
333,2014-04-07
334,2014-04-08
335,2014-04-09
336,2014-04-10
337,2014-04-11
338,2014-04-14
339,2014-04-15
340,2014-04-16
341,2014-04-17
342,2014-04-21
343,2014-04-22
344,2014-04-23
345,2014-04-24
346,2014-04-25
347,2014-04-28
348,2014-04-29
349,2014-04-30
350,2014-05-01
351,2014-05-02
352,2014-05-05
353,2014-05-06
354,2014-05-07
355,2014-05-08
356,2014-05-09
357,2014-05-12
358,2014-05-13
359,2014-05-14
360,2014-05-15
361,2014-05-16
362,2014-05-19
363,2014-05-20
364,2014-05-21
365,2014-05-22
366,2014-05-23
367,2014-05-27
368,2014-05-28
369,2014-05-29
370,2014-05-30
371,2014-06-02
372,2014-06-03
373,2014-06-04
374,2014-06-05
375,2014-06-06
376,2014-06-09
377,2014-06-10
378,2014-06-11
379,2014-06-12
380,2014-06-13
381,2014-06-16
382,2014-06-17
383,2014-06-18
384,2014-06-19
385,2014-06-20
386,2014-06-23
387,2014-06-24
388,2014-06-25
389,2014-06-26
390,2014-06-27
391,2014-06-30
392,2014-07-01
393,2014-07-02
394,2014-07-03
395,2014-07-07
396,2014-07-08
397,2014-07-09
398,2014-07-10
399,2014-07-11
400,2014-07-14
401,2014-07-15
402,2014-07-16
403,2014-07-17
404,2014-07-18
405,2014-07-21
406,2014-07-22
407,2014-07-23
408,2014-07-24
409,2014-07-25
410,2014-07-28
411,2014-07-29
412,2014-07-30
413,2014-07-31
414,2014-08-01
415,2014-08-04
416,2014-08-05
417,2014-08-06
418,2014-08-07
419,2014-08-08
420,2014-08-11
421,2014-08-12
422,2014-08-13
423,2014-08-14
424,2014-08-15
425,2014-08-18
426,2014-08-19
427,2014-08-20
428,2014-08-21
429,2014-08-22
430,2014-08-25
431,2014-08-26
432,2014-08-27
433,2014-08-28
434,2014-08-29
435,2014-09-02
436,2014-09-03
437,2014-09-04
438,2014-09-05
439,2014-09-08
440,2014-09-09
441,2014-09-10
442,2014-09-11
443,2014-09-12
444,2014-09-15
445,2014-09-16
446,2014-09-17
447,2014-09-18
448,2014-09-19
449,2014-09-22
450,2014-09-23
451,2014-09-24
452,2014-09-25
453,2014-09-26
454,2014-09-29
455,2014-09-30
456,2014-10-01
457,2014-10-02
458,2014-10-03
459,2014-10-06
460,2014-10-07
461,2014-10-08
462,2014-10-09
463,2014-10-10
464,2014-10-13
465,2014-10-14
466,2014-10-15
467,2014-10-16
468,2014-10-17
469,2014-10-20
470,2014-10-21
471,2014-10-22
472,2014-10-23
473,2014-10-24
474,2014-10-27
475,2014-10-28
476,2014-10-29
477,2014-10-30
478,2014-10-31
479,2014-11-03
480,2014-11-04
481,2014-11-05
482,2014-11-06
483,2014-11-07
484,2014-11-10
485,2014-11-11
486,2014-11-12
487,2014-11-13
488,2014-11-14
489,2014-11-17
490,2014-11-18
491,2014-11-19
492,2014-11-20
493,2014-11-21
494,2014-11-24
495,2014-11-25
496,2014-11-26
497,2014-11-28
498,2014-12-01
499,2014-12-02
500,2014-12-03
501,2014-12-04
502,2014-12-05
503,2014-12-08
504,2014-12-09
505,2014-12-10
506,2014-12-11
507,2014-12-12
508,2014-12-15
509,2014-12-16
510,2014-12-17
511,2014-12-18
512,2014-12-19
513,2014-12-22
514,2014-12-23
515,2014-12-24
516,2014-12-26
517,2014-12-29
518,2014-12-30
519,2014-12-31
520,2015-01-02
521,2015-01-05
522,2015-01-06
523,2015-01-07
524,2015-01-08
525,2015-01-09
526,2015-01-12
527,2015-01-13
528,2015-01-14
529,2015-01-15
530,2015-01-16
531,2015-01-20
532,2015-01-21
533,2015-01-22
534,2015-01-23
535,2015-01-26
536,2015-01-27
537,2015-01-28
538,2015-01-29
539,2015-01-30
540,2015-02-02
541,2015-02-03
542,2015-02-04
543,2015-02-05
544,2015-02-06
545,2015-02-09
546,2015-02-10
547,2015-02-11
548,2015-02-12
549,2015-02-13
550,2015-02-17
551,2015-02-18
552,2015-02-19
553,2015-02-20
554,2015-02-23
555,2015-02-24
556,2015-02-25
557,2015-02-26
558,2015-02-27
559,2015-03-02
560,2015-03-03
561,2015-03-04
562,2015-03-05
563,2015-03-06
564,2015-03-09
565,2015-03-10
566,2015-03-11
567,2015-03-12
568,2015-03-13
569,2015-03-16
570,2015-03-17
571,2015-03-18
572,2015-03-19
573,2015-03-20
574,2015-03-23
575,2015-03-24
576,2015-03-25
577,2015-03-26
578,2015-03-27
579,2015-03-30
580,2015-03-31
581,2015-04-01
582,2015-04-02
583,2015-04-06
584,2015-04-07
585,2015-04-08
586,2015-04-09
587,2015-04-10
588,2015-04-13
589,2015-04-14
590,2015-04-15
591,2015-04-16
592,2015-04-17
593,2015-04-20
594,2015-04-21
595,2015-04-22
596,2015-04-23
597,2015-04-24
598,2015-04-27
599,2015-04-28
600,2015-04-29
601,2015-04-30
602,2015-05-01
603,2015-05-04
604,2015-05-05
605,2015-05-06
606,2015-05-07
607,2015-05-08
608,2015-05-11
609,2015-05-12
610,2015-05-13
611,2015-05-14
612,2015-05-15
613,2015-05-18
614,2015-05-19
615,2015-05-20
616,2015-05-21
617,2015-05-22
618,2015-05-26
619,2015-05-27
620,2015-05-28
621,2015-05-29
622,2015-06-01
623,2015-06-02
624,2015-06-03
625,2015-06-04
626,2015-06-05
627,2015-06-08
628,2015-06-09
629,2015-06-10
630,2015-06-11
631,2015-06-12
632,2015-06-15
633,2015-06-16
634,2015-06-17
635,2015-06-18
636,2015-06-19
637,2015-06-22
638,2015-06-23
639,2015-06-24
640,2015-06-25
641,2015-06-26
642,2015-06-29
643,2015-06-30
644,2015-07-01
645,2015-07-02
646,2015-07-06
647,2015-07-07
648,2015-07-08
649,2015-07-09
650,2015-07-10
651,2015-07-13
652,2015-07-14
653,2015-07-15
654,2015-07-16
655,2015-07-17
656,2015-07-20
657,2015-07-21
658,2015-07-22
659,2015-07-23
660,2015-07-24
661,2015-07-27
662,2015-07-28
663,2015-07-29
664,2015-07-30
665,2015-07-31
666,2015-08-03
667,2015-08-04
668,2015-08-05
669,2015-08-06
670,2015-08-07
671,2015-08-10
672,2015-08-11
673,2015-08-12
674,2015-08-13
675,2015-08-14
676,2015-08-17
677,2015-08-18
678,2015-08-19
679,2015-08-20
680,2015-08-21
681,2015-08-24
682,2015-08-25
683,2015-08-26
684,2015-08-27
685,2015-08-28
686,2015-08-31
687,2015-09-01
688,2015-09-02
689,2015-09-03
690,2015-09-04
691,2015-09-08
692,2015-09-09
693,2015-09-10
694,2015-09-11
695,2015-09-14
696,2015-09-15
697,2015-09-16
698,2015-09-17
699,2015-09-18
700,2015-09-21
701,2015-09-22
702,2015-09-23
703,2015-09-24
704,2015-09-25
705,2015-09-28
706,2015-09-29
707,2015-09-30
708,2015-10-01
709,2015-10-02
710,2015-10-05
711,2015-10-06
712,2015-10-07
713,2015-10-08
714,2015-10-09
715,2015-10-12
716,2015-10-13
717,2015-10-14
718,2015-10-15
719,2015-10-16
720,2015-10-19
721,2015-10-20
722,2015-10-21
723,2015-10-22
724,2015-10-23
725,2015-10-26
726,2015-10-27
727,2015-10-28
728,2015-10-29
729,2015-10-30
730,2015-11-02
731,2015-11-03
732,2015-11-04
733,2015-11-05
734,2015-11-06
735,2015-11-09
736,2015-11-10
737,2015-11-11
738,2015-11-12
739,2015-11-13
740,2015-11-16
741,2015-11-17
742,2015-11-18
743,2015-11-19
744,2015-11-20
745,2015-11-23
746,2015-11-24
747,2015-11-25
748,2015-11-27
749,2015-11-30
750,2015-12-01
751,2015-12-02
752,2015-12-03
753,2015-12-04
754,2015-12-07
755,2015-12-08
756,2015-12-09
757,2015-12-10
758,2015-12-11
759,2015-12-14
760,2015-12-15
761,2015-12-16
762,2015-12-17
763,2015-12-18
764,2015-12-21
765,2015-12-22
766,2015-12-23
767,2015-12-24
768,2015-12-28
769,2015-12-29
770,2015-12-30
771,2015-12-31
772,2016-01-04
773,2016-01-05
774,2016-01-06
775,2016-01-07
776,2016-01-08
777,2016-01-11
778,2016-01-12
779,2016-01-13
780,2016-01-14
781,2016-01-15
782,2016-01-19
783,2016-01-20
784,2016-01-21
785,2016-01-22
786,2016-01-25
787,2016-01-26
788,2016-01-27
789,2016-01-28
790,2016-01-29
791,2016-02-01
792,2016-02-02
793,2016-02-03
794,2016-02-04
795,2016-02-05
796,2016-02-08
797,2016-02-09
798,2016-02-10
799,2016-02-11
800,2016-02-12
801,2016-02-16
802,2016-02-17
803,2016-02-18
804,2016-02-19
805,2016-02-22
806,2016-02-23
807,2016-02-24
808,2016-02-25
809,2016-02-26
810,2016-02-29
811,2016-03-01
812,2016-03-02
813,2016-03-03
814,2016-03-04
815,2016-03-07
816,2016-03-08
817,2016-03-09
818,2016-03-10
819,2016-03-11
820,2016-03-14
821,2016-03-15
822,2016-03-16
823,2016-03-17
824,2016-03-18
825,2016-03-21
826,2016-03-22
827,2016-03-23
828,2016-03-24
829,2016-03-28
830,2016-03-29
831,2016-03-30
832,2016-03-31
833,2016-04-01
834,2016-04-04
835,2016-04-05
836,2016-04-06
837,2016-04-07
838,2016-04-08
839,2016-04-11
840,2016-04-12
841,2016-04-13
842,2016-04-14
843,2016-04-15
844,2016-04-18
845,2016-04-19
846,2016-04-20
847,2016-04-21
848,2016-04-22
849,2016-04-25
850,2016-04-26
851,2016-04-27
852,2016-04-28
853,2016-04-29
854,2016-05-02
855,2016-05-03
856,2016-05-04
857,2016-05-05
858,2016-05-06
859,2016-05-09
860,2016-05-10
861,2016-05-11
862,2016-05-12
863,2016-05-13
864,2016-05-16
865,2016-05-17
866,2016-05-18
867,2016-05-19
868,2016-05-20
869,2016-05-23
870,2016-05-24
871,2016-05-25
872,2016-05-26
873,2016-05-27
874,2016-05-31
875,2016-06-01
876,2016-06-02
877,2016-06-03
878,2016-06-06
879,2016-06-07
880,2016-06-08
881,2016-06-09
882,2016-06-10
883,2016-06-13
884,2016-06-14
885,2016-06-15
886,2016-06-16
887,2016-06-17
888,2016-06-20
889,2016-06-21
890,2016-06-22
891,2016-06-23
892,2016-06-24
893,2016-06-27
894,2016-06-28
895,2016-06-29
896,2016-06-30
897,2016-07-01
898,2016-07-05
899,2016-07-06
900,2016-07-07
901,2016-07-08
902,2016-07-11
903,2016-07-12
904,2016-07-13
905,2016-07-14
906,2016-07-15
907,2016-07-18
908,2016-07-19
909,2016-07-20
910,2016-07-21
911,2016-07-22
912,2016-07-25
913,2016-07-26
914,2016-07-27
915,2016-07-28
916,2016-07-29
917,2016-08-01
918,2016-08-02
919,2016-08-03
920,2016-08-04
921,2016-08-05
922,2016-08-08
923,2016-08-09
924,2016-08-10
925,2016-08-11
926,2016-08-12
927,2016-08-15
928,2016-08-16
929,2016-08-17
930,2016-08-18
931,2016-08-19
932,2016-08-22
933,2016-08-23
934,2016-08-24
935,2016-08-25
936,2016-08-26
937,2016-08-29
938,2016-08-30
939,2016-08-31
940,2016-09-01
941,2016-09-02
942,2016-09-06
943,2016-09-07
944,2016-09-08
945,2016-09-09
946,2016-09-12
947,2016-09-13
948,2016-09-14
949,2016-09-15
950,2016-09-16
951,2016-09-19
952,2016-09-20
953,2016-09-21
954,2016-09-22
955,2016-09-23
956,2016-09-26
957,2016-09-27
958,2016-09-28
959,2016-09-29
960,2016-09-30
961,2016-10-03
962,2016-10-04
963,2016-10-05
964,2016-10-06
965,2016-10-07
966,2016-10-10
967,2016-10-11
968,2016-10-12
969,2016-10-13
970,2016-10-14
971,2016-10-17
972,2016-10-18
973,2016-10-19
974,2016-10-20
975,2016-10-21
976,2016-10-24
977,2016-10-25
978,2016-10-26
979,2016-10-27
980,2016-10-28
981,2016-10-31
982,2016-11-01
983,2016-11-02
984,2016-11-03
985,2016-11-04
986,2016-11-07
987,2016-11-08
988,2016-11-09
989,2016-11-10
990,2016-11-11
991,2016-11-14
992,2016-11-15
993,2016-11-16
994,2016-11-17
995,2016-11-18
996,2016-11-21
997,2016-11-22
998,2016-11-23
999,2016-11-25
1000,2016-11-28
1001,2016-11-29
1002,2016-11-30
1003,2016-12-01
1004,2016-12-02
1005,2016-12-05
1006,2016-12-06
1007,2016-12-07
1008,2016-12-08
1009,2016-12-09
1010,2016-12-12
1011,2016-12-13
1012,2016-12-14
1013,2016-12-15
1014,2016-12-16
1015,2016-12-19
1016,2016-12-20
1017,2016-12-21
1018,2016-12-22
1019,2016-12-23
1020,2016-12-27
1021,2016-12-28
1022,2016-12-29
1023,2016-12-30
1024,2017-01-03
1025,2017-01-04
1026,2017-01-05
1027,2017-01-06
1028,2017-01-09
1029,2017-01-10
1030,2017-01-11
1031,2017-01-12
1032,2017-01-13
1033,2017-01-17
1034,2017-01-18
1035,2017-01-19
1036,2017-01-20
1037,2017-01-23
1038,2017-01-24
1039,2017-01-25
1040,2017-01-26
1041,2017-01-27
1042,2017-01-30
1043,2017-01-31
1044,2017-02-01
1045,2017-02-02
1046,2017-02-03
1047,2017-02-06
1048,2017-02-07
1049,2017-02-08
1050,2017-02-09
1051,2017-02-10
1052,2017-02-13
1053,2017-02-14
1054,2017-02-15
1055,2017-02-16
1056,2017-02-17
1057,2017-02-21
1058,2017-02-22
1059,2017-02-23
1060,2017-02-24
1061,2017-02-27
1062,2017-02-28
1063,2017-03-01
1064,2017-03-02
1065,2017-03-03
1066,2017-03-06
1067,2017-03-07
1068,2017-03-08
1069,2017-03-09
1070,2017-03-10
1071,2017-03-13
1072,2017-03-14
1073,2017-03-15
1074,2017-03-16
1075,2017-03-17
1076,2017-03-20
1077,2017-03-21
1078,2017-03-22
1079,2017-03-23
1080,2017-03-24
1081,2017-03-27
1082,2017-03-28
1083,2017-03-29
1084,2017-03-30
1085,2017-03-31
1086,2017-04-03
1087,2017-04-04
1088,2017-04-05
1089,2017-04-06
1090,2017-04-07
1091,2017-04-10
1092,2017-04-11
1093,2017-04-12
1094,2017-04-13
1095,2017-04-17
1096,2017-04-18
1097,2017-04-19
1098,2017-04-20
1099,2017-04-21
1100,2017-04-24
1101,2017-04-25
1102,2017-04-26
1103,2017-04-27
1104,2017-04-28
1105,2017-05-01
1106,2017-05-02
1107,2017-05-03
1108,2017-05-04
1109,2017-05-05
1110,2017-05-08
1111,2017-05-09
1112,2017-05-10
1113,2017-05-11
1114,2017-05-12
1115,2017-05-15
1116,2017-05-16
1117,2017-05-17
1118,2017-05-18
1119,2017-05-19
1120,2017-05-22
1121,2017-05-23
1122,2017-05-24
1123,2017-05-25
1124,2017-05-26
1125,2017-05-30
1126,2017-05-31
1127,2017-06-01
1128,2017-06-02
1129,2017-06-05
1130,2017-06-06
1131,2017-06-07
1132,2017-06-08
1133,2017-06-09
1134,2017-06-12
1135,2017-06-13
1136,2017-06-14
1137,2017-06-15
1138,2017-06-16
1139,2017-06-19
1140,2017-06-20
1141,2017-06-21
1142,2017-06-22
1143,2017-06-23
1144,2017-06-26
1145,2017-06-27
1146,2017-06-28
1147,2017-06-29
1148,2017-06-30
1149,2017-07-03
1150,2017-07-05
1151,2017-07-06
1152,2017-07-07
1153,2017-07-10
1154,2017-07-11
1155,2017-07-12
1156,2017-07-13
1157,2017-07-14
1158,2017-07-17
1159,2017-07-18
1160,2017-07-19
1161,2017-07-20
1162,2017-07-21
1163,2017-07-24
1164,2017-07-25
1165,2017-07-26
1166,2017-07-27
1167,2017-07-28
1168,2017-07-31
1169,2017-08-01
1170,2017-08-02
1171,2017-08-03
1172,2017-08-04
1173,2017-08-07
1174,2017-08-08
1175,2017-08-09
1176,2017-08-10
1177,2017-08-11
1178,2017-08-14
1179,2017-08-15
1180,2017-08-16
1181,2017-08-17
1182,2017-08-18
1183,2017-08-21
1184,2017-08-22
1185,2017-08-23
1186,2017-08-24
1187,2017-08-25
1188,2017-08-28
1189,2017-08-29
1190,2017-08-30
1191,2017-08-31
1192,2017-09-01
1193,2017-09-05
1194,2017-09-06
1195,2017-09-07
1196,2017-09-08
1197,2017-09-11
1198,2017-09-12
1199,2017-09-13
1200,2017-09-14
1201,2017-09-15
1202,2017-09-18
1203,2017-09-19
1204,2017-09-20
1205,2017-09-21
1206,2017-09-22
1207,2017-09-25
1208,2017-09-26
1209,2017-09-27
1210,2017-09-28
1211,2017-09-29
1212,2017-10-02
1213,2017-10-03
1214,2017-10-04
1215,2017-10-05
1216,2017-10-06
1217,2017-10-09
1218,2017-10-10
1219,2017-10-11
1220,2017-10-12
1221,2017-10-13
1222,2017-10-16
1223,2017-10-17
1224,2017-10-18
1225,2017-10-19
1226,2017-10-20
1227,2017-10-23
1228,2017-10-24
1229,2017-10-25
1230,2017-10-26
1231,2017-10-27
1232,2017-10-30
1233,2017-10-31
1234,2017-11-01
1235,2017-11-02
1236,2017-11-03
1237,2017-11-06
1238,2017-11-07
1239,2017-11-08
1240,2017-11-09
1241,2017-11-10
1242,2017-11-13
1243,2017-11-14
1244,2017-11-15
1245,2017-11-16
1246,2017-11-17
1247,2017-11-20
1248,2017-11-21
1249,2017-11-22
1250,2017-11-24
1251,2017-11-27
1252,2017-11-28
1253,2017-11-29
1254,2017-11-30
1255,2017-12-01
1256,2017-12-04
1257,2017-12-05
1258,2017-12-06
1259,2017-12-07
1260,2017-12-08
1261,2017-12-11
1262,2017-12-12
1263,2017-12-13
1264,2017-12-14
1265,2017-12-15
1266,2017-12-18
1267,2017-12-19
1268,2017-12-20
1269,2017-12-21
1270,2017-12-22
1271,2017-12-26
1272,2017-12-27
1273,2017-12-28
1274,2017-12-29
1275,2018-01-02
1276,2018-01-03
1277,2018-01-04
1278,2018-01-05
1279,2018-01-08
1280,2018-01-09
1281,2018-01-10
1282,2018-01-11
1283,2018-01-12
1284,2018-01-16
1285,2018-01-17
1286,2018-01-18
1287,2018-01-19
1288,2018-01-22
1289,2018-01-23
1290,2018-01-24
1291,2018-01-25
1292,2018-01-26
1293,2018-01-29
1294,2018-01-30
1295,2018-01-31
1296,2018-02-01
1297,2018-02-02
1298,2018-02-05
1299,2018-02-06
1300,2018-02-07
1301,2018-02-08
1302,2018-02-09
1303,2018-02-12
1304,2018-02-13
1305,2018-02-14
1306,2018-02-15
1307,2018-02-16
1308,2018-02-20
1309,2018-02-21
1310,2018-02-22
1311,2018-02-23
1312,2018-02-26
1313,2018-02-27
1314,2018-02-28
1315,2018-03-01
1316,2018-03-02
1317,2018-03-05
1318,2018-03-06
1319,2018-03-07
1320,2018-03-08
1321,2018-03-09
1322,2018-03-12
1323,2018-03-13
1324,2018-03-14
1325,2018-03-15
1326,2018-03-16
1327,2018-03-19
1328,2018-03-20
1329,2018-03-21
1330,2018-03-22
1331,2018-03-23
1332,2018-03-26
1333,2018-03-27
1334,2018-03-28
1335,2018-03-29
1336,2018-04-02
1337,2018-04-03
1338,2018-04-04
1339,2018-04-05
1340,2018-04-06
1341,2018-04-09
1342,2018-04-10
1343,2018-04-11
1344,2018-04-12
1345,2018-04-13
1346,2018-04-16
1347,2018-04-17
1348,2018-04-18
1349,2018-04-19
1350,2018-04-20
1351,2018-04-23
1352,2018-04-24
1353,2018-04-25
1354,2018-04-26
1355,2018-04-27
1356,2018-04-30
1357,2018-05-01
1358,2018-05-02
1359,2018-05-03
1360,2018-05-04
1361,2018-05-07
1362,2018-05-08
1363,2018-05-09
1364,2018-05-10
1365,2018-05-11
1366,2018-05-14
1367,2018-05-15
1368,2018-05-16
1369,2018-05-17
1370,2018-05-18
1371,2018-05-21
1372,2018-05-22
1373,2018-05-23
1374,2018-05-24
1375,2018-05-25
1376,2018-05-29
1377,2018-05-30
1378,2018-05-31
1379,2018-06-01
1380,2018-06-04
1381,2018-06-05
1382,2018-06-06
1383,2018-06-07
1384,2018-06-08
1385,2018-06-11
1386,2018-06-12
1387,2018-06-13
1388,2018-06-14
1389,2018-06-15
1390,2018-06-18
1391,2018-06-19
1392,2018-06-20
1393,2018-06-21
1394,2018-06-22
1395,2018-06-25
1396,2018-06-26
1397,2018-06-27
1398,2018-06-28
1399,2018-06-29
1400,2018-07-02
1401,2018-07-03
1402,2018-07-05
1403,2018-07-06
1404,2018-07-09
1405,2018-07-10
1406,2018-07-11
1407,2018-07-12
1408,2018-07-13
1409,2018-07-16
1410,2018-07-17
1411,2018-07-18
1412,2018-07-19
1413,2018-07-20
1414,2018-07-23
1415,2018-07-24
1416,2018-07-25
1417,2018-07-26
1418,2018-07-27
1419,2018-07-30
1420,2018-07-31
1421,2018-08-01
1422,2018-08-02
1423,2018-08-03
1424,2018-08-06
1425,2018-08-07
1426,2018-08-08
1427,2018-08-09
1428,2018-08-10
1429,2018-08-13
1430,2018-08-14
1431,2018-08-15
1432,2018-08-16
1433,2018-08-17
1434,2018-08-20
1435,2018-08-21
1436,2018-08-22
1437,2018-08-23
1438,2018-08-24
1439,2018-08-27
1440,2018-08-28
1441,2018-08-29
1442,2018-08-30
1443,2018-08-31
1444,2018-09-04
1445,2018-09-05
1446,2018-09-06
1447,2018-09-07
1448,2018-09-10
1449,2018-09-11
1450,2018-09-12
1451,2018-09-13
1452,2018-09-14
1453,2018-09-17
1454,2018-09-18
1455,2018-09-19
1456,2018-09-20
1457,2018-09-21
1458,2018-09-24
1459,2018-09-25
1460,2018-09-26
1461,2018-09-27
1462,2018-09-28
1463,2018-10-01
1464,2018-10-02
1465,2018-10-03
1466,2018-10-04
1467,2018-10-05
1468,2018-10-08
1469,2018-10-09
1470,2018-10-10
1471,2018-10-11
1472,2018-10-12
1473,2018-10-15
1474,2018-10-16
1475,2018-10-17
1476,2018-10-18
1477,2018-10-19
1478,2018-10-22
1479,2018-10-23
1480,2018-10-24
1481,2018-10-25
1482,2018-10-26
1483,2018-10-29
1484,2018-10-30
1485,2018-10-31
1486,2018-11-01
1487,2018-11-02
1488,2018-11-05
1489,2018-11-06
1490,2018-11-07
1491,2018-11-08
1492,2018-11-09
1493,2018-11-12
1494,2018-11-13
1495,2018-11-14
1496,2018-11-15
1497,2018-11-16
1498,2018-11-19
1499,2018-11-20
1500,2018-11-21
1501,2018-11-23
1502,2018-11-26
1503,2018-11-27
1504,2018-11-28
1505,2018-11-29
1506,2018-11-30
1507,2018-12-03
1508,2018-12-04
1509,2018-12-06
1510,2018-12-07
1511,2018-12-10
1512,2018-12-11
1513,2018-12-12
1514,2018-12-13
1515,2018-12-14
1516,2018-12-17
1517,2018-12-18
1518,2018-12-19
1519,2018-12-20
1520,2018-12-21
1521,2018-12-24
1522,2018-12-26
1523,2018-12-27
1524,2018-12-28
1525,2018-12-31
1526,2019-01-02
1527,2019-01-03
1528,2019-01-04
1529,2019-01-07
1530,2019-01-08
1531,2019-01-09
1532,2019-01-10
1533,2019-01-11
1534,2019-01-14
1535,2019-01-15
1536,2019-01-16
1537,2019-01-17
1538,2019-01-18
1539,2019-01-22
1540,2019-01-23
1541,2019-01-24
1542,2019-01-25
1543,2019-01-28
1544,2019-01-29
1545,2019-01-30
1546,2019-01-31
1547,2019-02-01
1548,2019-02-04
1549,2019-02-05
1550,2019-02-06
1551,2019-02-07
1552,2019-02-08
1553,2019-02-11
1554,2019-02-12
1555,2019-02-13
1556,2019-02-14
1557,2019-02-15
1558,2019-02-19
1559,2019-02-20
1560,2019-02-21
1561,2019-02-22
1562,2019-02-25
1563,2019-02-26
1564,2019-02-27
1565,2019-02-28
1566,2019-03-01
1567,2019-03-04
1568,2019-03-05
1569,2019-03-06
1570,2019-03-07
1571,2019-03-08
1572,2019-03-11
1573,2019-03-12
1574,2019-03-13
1575,2019-03-14
1576,2019-03-15
1577,2019-03-18
1578,2019-03-19
1579,2019-03-20
1580,2019-03-21
1581,2019-03-22
1582,2019-03-25
1583,2019-03-26
1584,2019-03-27
1585,2019-03-28
1586,2019-03-29
1587,2019-04-01
1588,2019-04-02
1589,2019-04-03
1590,2019-04-04
1591,2019-04-05
1592,2019-04-08
1593,2019-04-09
1594,2019-04-10
1595,2019-04-11
1596,2019-04-12
1597,2019-04-15
1598,2019-04-16
1599,2019-04-17
1600,2019-04-18
1601,2019-04-22
1602,2019-04-23
1603,2019-04-24
1604,2019-04-25
1605,2019-04-26
1606,2019-04-29
1607,2019-04-30
1608,2019-05-01
1609,2019-05-02
1610,2019-05-03
1611,2019-05-06
1612,2019-05-07
1613,2019-05-08
1614,2019-05-09
1615,2019-05-10
1616,2019-05-13
1617,2019-05-14
1618,2019-05-15
1619,2019-05-16
1620,2019-05-17
1621,2019-05-20
1622,2019-05-21
1623,2019-05-22
1624,2019-05-23
1625,2019-05-24
1626,2019-05-28
1627,2019-05-29
1628,2019-05-30
1629,2019-05-31
1630,2019-06-03
1631,2019-06-04
1632,2019-06-05
1633,2019-06-06
1634,2019-06-07
1635,2019-06-10
1636,2019-06-11
1637,2019-06-12
1638,2019-06-13
1639,2019-06-14
1640,2019-06-17
1641,2019-06-18
1642,2019-06-19
1643,2019-06-20
1644,2019-06-21
1645,2019-06-24
1646,2019-06-25
1647,2019-06-26
1648,2019-06-27
1649,2019-06-28
1650,2019-07-01
1651,2019-07-02
1652,2019-07-03
1653,2019-07-05
1654,2019-07-08
1655,2019-07-09
1656,2019-07-10
1657,2019-07-11
1658,2019-07-12
1659,2019-07-15
1660,2019-07-16
1661,2019-07-17
1662,2019-07-18
1663,2019-07-19
1664,2019-07-22
1665,2019-07-23
1666,2019-07-24
1667,2019-07-25
1668,2019-07-26
1669,2019-07-29
1670,2019-07-30
1671,2019-07-31
1672,2019-08-01
1673,2019-08-02
1674,2019-08-05
1675,2019-08-06
1676,2019-08-07
1677,2019-08-08
1678,2019-08-09
1679,2019-08-12
1680,2019-08-13
1681,2019-08-14
1682,2019-08-15
1683,2019-08-16
1684,2019-08-19
1685,2019-08-20
1686,2019-08-21
1687,2019-08-22
1688,2019-08-23
1689,2019-08-26
1690,2019-08-27
1691,2019-08-28
1692,2019-08-29
1693,2019-08-30
1694,2019-09-03
1695,2019-09-04
1696,2019-09-05
1697,2019-09-06
1698,2019-09-09
1699,2019-09-10
1700,2019-09-11
1701,2019-09-12
1702,2019-09-13
1703,2019-09-16
1704,2019-09-17
1705,2019-09-18
1706,2019-09-19
1707,2019-09-20
1708,2019-09-23
1709,2019-09-24
1710,2019-09-25
1711,2019-09-26
1712,2019-09-27
1713,2019-09-30
1714,2019-10-01
1715,2019-10-02
1716,2019-10-03
1717,2019-10-04
1718,2019-10-07
1719,2019-10-08
1720,2019-10-09
1721,2019-10-10
1722,2019-10-11
1723,2019-10-14
1724,2019-10-15
1725,2019-10-16
1726,2019-10-17
1727,2019-10-18
1728,2019-10-21
1729,2019-10-22
1730,2019-10-23
1731,2019-10-24
1732,2019-10-25
1733,2019-10-28
1734,2019-10-29
1735,2019-10-30
1736,2019-10-31
1737,2019-11-01
1738,2019-11-04
1739,2019-11-05
1740,2019-11-06
1741,2019-11-07
1742,2019-11-08
1743,2019-11-11
1744,2019-11-12
1745,2019-11-13
1746,2019-11-14
1747,2019-11-15
1748,2019-11-18
1749,2019-11-19
1750,2019-11-20
1751,2019-11-21
1752,2019-11-22
1753,2019-11-25
1754,2019-11-26
1755,2019-11-27
1756,2019-11-29
1757,2019-12-02
1758,2019-12-03
1759,2019-12-04
1760,2019-12-05
1761,2019-12-06
1762,2019-12-09
1763,2019-12-10
1764,2019-12-11
1765,2019-12-12
1766,2019-12-13
1767,2019-12-16
1768,2019-12-17
1769,2019-12-18
1770,2019-12-19
1771,2019-12-20
1772,2019-12-23
1773,2019-12-24
1774,2019-12-26
1775,2019-12-27
1776,2019-12-30
1777,2019-12-31
1778,2020-01-02
1779,2020-01-03
1780,2020-01-06
1781,2020-01-07
1782,2020-01-08
1783,2020-01-09
1784,2020-01-10
1785,2020-01-13
1786,2020-01-14
1787,2020-01-15
1788,2020-01-16
1789,2020-01-17
1790,2020-01-21
1791,2020-01-22
1792,2020-01-23
1793,2020-01-24
1794,2020-01-27
1795,2020-01-28
1796,2020-01-29
1797,2020-01-30
1798,2020-01-31
1799,2020-02-03
1800,2020-02-04
1801,2020-02-05
1802,2020-02-06
1803,2020-02-07
1804,2020-02-10
1805,2020-02-11
1806,2020-02-12
1807,2020-02-13
1808,2020-02-14
1809,2020-02-18
1810,2020-02-19
1811,2020-02-20
1812,2020-02-21
1813,2020-02-24
1814,2020-02-25
1815,2020-02-26
1816,2020-02-27
1817,2020-02-28
1818,2020-03-02
1819,2020-03-03
1820,2020-03-04
1821,2020-03-05
1822,2020-03-06
1823,2020-03-09
1824,2020-03-10
1825,2020-03-11
1826,2020-03-12
1827,2020-03-13
1828,2020-03-16
1829,2020-03-17
1830,2020-03-18
1831,2020-03-19
1832,2020-03-20
1833,2020-03-23
1834,2020-03-24
1835,2020-03-25
1836,2020-03-26
1837,2020-03-27
1838,2020-03-30
1839,2020-03-31
1840,2020-04-01
1841,2020-04-02
1842,2020-04-03
1843,2020-04-06
1844,2020-04-07
1845,2020-04-08
1846,2020-04-09
1847,2020-04-13
1848,2020-04-14
1849,2020-04-15
1850,2020-04-16
1851,2020-04-17
1852,2020-04-20
1853,2020-04-21
1854,2020-04-22
1855,2020-04-23
1856,2020-04-24
1857,2020-04-27
1858,2020-04-28
1859,2020-04-29
1860,2020-04-30
1861,2020-05-01
1862,2020-05-04
1863,2020-05-05
1864,2020-05-06
1865,2020-05-07
1866,2020-05-08
1867,2020-05-11
1868,2020-05-12
1869,2020-05-13
1870,2020-05-14
1871,2020-05-15
1872,2020-05-18
1873,2020-05-19
1874,2020-05-20
1875,2020-05-21
1876,2020-05-22
1877,2020-05-26
1878,2020-05-27
1879,2020-05-28
1880,2020-05-29
1881,2020-06-01
1882,2020-06-02
1883,2020-06-03
1884,2020-06-04
1885,2020-06-05
1886,2020-06-08
1887,2020-06-09
1888,2020-06-10
1889,2020-06-11
1890,2020-06-12
1891,2020-06-15
1892,2020-06-16
1893,2020-06-17
1894,2020-06-18
1895,2020-06-19
1896,2020-06-22
1897,2020-06-23
1898,2020-06-24
1899,2020-06-25
1900,2020-06-26
1901,2020-06-29
1902,2020-06-30
1903,2020-07-01
1904,2020-07-02
1905,2020-07-06
1906,2020-07-07
1907,2020-07-08
1908,2020-07-09
1909,2020-07-10
1910,2020-07-13
1911,2020-07-14
1912,2020-07-15
1913,2020-07-16
1914,2020-07-17
1915,2020-07-20
1916,2020-07-21
1917,2020-07-22
1918,2020-07-23
1919,2020-07-24
1920,2020-07-27
1921,2020-07-28
1922,2020-07-29
1923,2020-07-30
1924,2020-07-31
1925,2020-08-03
1926,2020-08-04
1927,2020-08-05
1928,2020-08-06
1929,2020-08-07
1930,2020-08-10
1931,2020-08-11
1932,2020-08-12
1933,2020-08-13
1934,2020-08-14
1935,2020-08-17
1936,2020-08-18
1937,2020-08-19
1938,2020-08-20
1939,2020-08-21
1940,2020-08-24
1941,2020-08-25
1942,2020-08-26
1943,2020-08-27
1944,2020-08-28
1945,2020-08-31
1946,2020-09-01
1947,2020-09-02
1948,2020-09-03
1949,2020-09-04
1950,2020-09-08
1951,2020-09-09
1952,2020-09-10
1953,2020-09-11
1954,2020-09-14
1955,2020-09-15
1956,2020-09-16
1957,2020-09-17
1958,2020-09-18
1959,2020-09-21
1960,2020-09-22
1961,2020-09-23
1962,2020-09-24
1963,2020-09-25
1964,2020-09-28
1965,2020-09-29
1966,2020-09-30
1967,2020-10-01
1968,2020-10-02
1969,2020-10-05
1970,2020-10-06
1971,2020-10-07
1972,2020-10-08
1973,2020-10-09
1974,2020-10-12
1975,2020-10-13
1976,2020-10-14
1977,2020-10-15
1978,2020-10-16
1979,2020-10-19
1980,2020-10-20
1981,2020-10-21
1982,2020-10-22
1983,2020-10-23
1984,2020-10-26
1985,2020-10-27
1986,2020-10-28
1987,2020-10-29
1988,2020-10-30
1989,2020-11-02
1990,2020-11-03
1991,2020-11-04
1992,2020-11-05
1993,2020-11-06
1994,2020-11-09
1995,2020-11-10
1996,2020-11-11
1997,2020-11-12
1998,2020-11-13
1999,2020-11-16
2000,2020-11-17
2001,2020-11-18
2002,2020-11-19
2003,2020-11-20
2004,2020-11-23
2005,2020-11-24
2006,2020-11-25
2007,2020-11-27
2008,2020-11-30
2009,2020-12-01
2010,2020-12-02
2011,2020-12-03
2012,2020-12-04
2013,2020-12-07
2014,2020-12-08
2015,2020-12-09
2016,2020-12-10
2017,2020-12-11
2018,2020-12-14
2019,2020-12-15
2020,2020-12-16
2021,2020-12-17
2022,2020-12-18
2023,2020-12-21
2024,2020-12-22
2025,2020-12-23
2026,2020-12-24
2027,2020-12-28
2028,2020-12-29
2029,2020-12-30
2030,2020-12-31
2031,2021-01-04
2032,2021-01-05
2033,2021-01-06
2034,2021-01-07
2035,2021-01-08
2036,2021-01-11
2037,2021-01-12
2038,2021-01-13
2039,2021-01-14
2040,2021-01-15
2041,2021-01-19
2042,2021-01-20
2043,2021-01-21
2044,2021-01-22
2045,2021-01-25
2046,2021-01-26
2047,2021-01-27
2048,2021-01-28
2049,2021-01-29
2050,2021-02-01
2051,2021-02-02
2052,2021-02-03
2053,2021-02-04
2054,2021-02-05
2055,2021-02-08
2056,2021-02-09
2057,2021-02-10
2058,2021-02-11
2059,2021-02-12
2060,2021-02-16
2061,2021-02-17
2062,2021-02-18
2063,2021-02-19
2064,2021-02-22
2065,2021-02-23
2066,2021-02-24
2067,2021-02-25
2068,2021-02-26
2069,2021-03-01
2070,2021-03-02
2071,2021-03-03
2072,2021-03-04
2073,2021-03-05
2074,2021-03-08
2075,2021-03-09
2076,2021-03-10
2077,2021-03-11
2078,2021-03-12
2079,2021-03-15
2080,2021-03-16
2081,2021-03-17
2082,2021-03-18
2083,2021-03-19
2084,2021-03-22
2085,2021-03-23
2086,2021-03-24
2087,2021-03-25
2088,2021-03-26
2089,2021-03-29
2090,2021-03-30
2091,2021-03-31
2092,2021-04-01
2093,2021-04-05
2094,2021-04-06
2095,2021-04-07
2096,2021-04-08
2097,2021-04-09
2098,2021-04-12
2099,2021-04-13
2100,2021-04-14
2101,2021-04-15
2102,2021-04-16
2103,2021-04-19
2104,2021-04-20
2105,2021-04-21
2106,2021-04-22
2107,2021-04-23
2108,2021-04-26
2109,2021-04-27
2110,2021-04-28
2111,2021-04-29
2112,2021-04-30
2113,2021-05-03
2114,2021-05-04
2115,2021-05-05
2116,2021-05-06
2117,2021-05-07
2118,2021-05-10
2119,2021-05-11
2120,2021-05-12
2121,2021-05-13
2122,2021-05-14
2123,2021-05-17
2124,2021-05-18
2125,2021-05-19
2126,2021-05-20
2127,2021-05-21
2128,2021-05-24
2129,2021-05-25
2130,2021-05-26
2131,2021-05-27
2132,2021-05-28
2133,2021-06-01
2134,2021-06-02
2135,2021-06-03
2136,2021-06-04
2137,2021-06-07
2138,2021-06-08
2139,2021-06-09
2140,2021-06-10
2141,2021-06-11
2142,2021-06-14
2143,2021-06-15
2144,2021-06-16
2145,2021-06-17
2146,2021-06-18
2147,2021-06-21
2148,2021-06-22
2149,2021-06-23
2150,2021-06-24
2151,2021-06-25
2152,2021-06-28
2153,2021-06-29
2154,2021-06-30
2155,2021-07-01
2156,2021-07-02
2157,2021-07-06
2158,2021-07-07
2159,2021-07-08
2160,2021-07-09
2161,2021-07-12
2162,2021-07-13
2163,2021-07-14
2164,2021-07-15
2165,2021-07-16
2166,2021-07-19
2167,2021-07-20
2168,2021-07-21
2169,2021-07-22
2170,2021-07-23
2171,2021-07-26
2172,2021-07-27
2173,2021-07-28
2174,2021-07-29
2175,2021-07-30
2176,2021-08-02
2177,2021-08-03
2178,2021-08-04
2179,2021-08-05
2180,2021-08-06
2181,2021-08-09
2182,2021-08-10
2183,2021-08-11
2184,2021-08-12
2185,2021-08-13
2186,2021-08-16
2187,2021-08-17
2188,2021-08-18
2189,2021-08-19
2190,2021-08-20
2191,2021-08-23
2192,2021-08-24
2193,2021-08-25
2194,2021-08-26
2195,2021-08-27
2196,2021-08-30
2197,2021-08-31
2198,2021-09-01
2199,2021-09-02
2200,2021-09-03
2201,2021-09-07
2202,2021-09-08
2203,2021-09-09
2204,2021-09-10
2205,2021-09-13
2206,2021-09-14
2207,2021-09-15
2208,2021-09-16
2209,2021-09-17
2210,2021-09-20
2211,2021-09-21
2212,2021-09-22
2213,2021-09-23
2214,2021-09-24
2215,2021-09-27
2216,2021-09-28
2217,2021-09-29
2218,2021-09-30
2219,2021-10-01
2220,2021-10-04
2221,2021-10-05
2222,2021-10-06
2223,2021-10-07
2224,2021-10-08
2225,2021-10-11
2226,2021-10-12
2227,2021-10-13
2228,2021-10-14
2229,2021-10-15
2230,2021-10-18
2231,2021-10-19
2232,2021-10-20
2233,2021-10-21
2234,2021-10-22
2235,2021-10-25
2236,2021-10-26
2237,2021-10-27
2238,2021-10-28
2239,2021-10-29
2240,2021-11-01
2241,2021-11-02
2242,2021-11-03
2243,2021-11-04
2244,2021-11-05
2245,2021-11-08
2246,2021-11-09
2247,2021-11-10
2248,2021-11-11
2249,2021-11-12
2250,2021-11-15
2251,2021-11-16
2252,2021-11-17
2253,2021-11-18
2254,2021-11-19
2255,2021-11-22
2256,2021-11-23
2257,2021-11-24
2258,2021-11-26
2259,2021-11-29
2260,2021-11-30
2261,2021-12-01
2262,2021-12-02
2263,2021-12-03
2264,2021-12-06
2265,2021-12-07
2266,2021-12-08
2267,2021-12-09
